<?xml version="1.0" encoding="utf-8"?>
<!DOCTYPE hibernate-mapping PUBLIC "-//Hibernate/Hibernate Mapping DTD 3.0//EN"
"http://hibernate.sourceforge.net/hibernate-mapping-3.0.dtd">
<hibernate-mapping>
	<class name="com.chen.bean.Types" table="t_type" 
		batch-size="5">
		<id name="id" type="int">
			<column name="id" />
			<generator class="increment"></generator>
		</id>
		<property name="name" type="string">
			<column name="name" length="30" />
		</property>
		<property name="countTopics" type="int">
			<column name="count_topics" />
		</property>
		<property name="countComments" type="int">
			<column name="count_comments" />
		</property>

		<!-- 多对一，多个类型对应一个类别 -->
		<many-to-one name="typesCategory" class="com.chen.bean.Categorys"
			lazy="proxy">
			<column name="types_category_id" not-null="true"></column>
		</many-to-one>

	</class>
</hibernate-mapping>
